,id,submission_id,created_utc,body,score,coin
0,hyrjvfu,t3_t3d59r,1646046413,"Be sure to do your own diligence. Assume that every project posted is a scam/rug/honeypot until proven otherwise. Use tools such as http://www.bscheck.eu/ and https://tokensniffer.com to help you determine if this project is legitimate, but do not solely rely on these tools. Be sure to read comments, particularly those who are downvoted, and warn your fellow redditors against scams. Feel free to join in on our newly made Telegram at https://t.me/CryptoMoonShots to discover and submit projects as well.


*I am a bot, and this action was performed automatically. Please [contact the moderators of this subreddit](/message/compose/?to=/r/CryptoMoonShots) if you have any questions or concerns.*",1,dogecoin
1,hysazji,t3_t3d59r,1646061401,Honeypot be careful,2,dogecoin
2,hysbsd8,t3_t3d59r,1646061736,"If your tired of scams, join the next scam!",1,dogecoin
7,hyxj0wp,t3_t4cegw,1646153696,Everyone who buys at this low market cap will see dizzying gains. Bitcoin will rise and alts will follow!,7,dogecoin
8,hyxj4a8,t3_t4cegw,1646153731,"Come tax return time, I'm gonna add to my bag for sure!! SHIBONK is the way.

&#x200B;

Don't miss out - now is the time to load up before AltSeason begins. Market is prepped and ready to explode!",6,dogecoin
9,hyxjteh,t3_t4cegw,1646154000,I use to invest in the big cap but these lower cap tokens like Shibonk are lifestyle changers.,6,dogecoin
10,hz01uez,t3_t4cegw,1646190491,"Here we go Shibonkers!!!
So excited to see what the future holds for Shibonk!!!!!
A+++++
Devs Deliver",3,dogecoin
11,hyxlu22,t3_t4cegw,1646154780,"Can't wait for the NFT game and shibarium. This is my most comfy low mc coin by far.
Bullish AF.",6,dogecoin
12,hz0t76j,t3_t4cegw,1646205414,Moonshot no capüöÄ,2,dogecoin
13,hz1oul2,t3_t4cegw,1646227866,Glad I found this gem üíé,1,dogecoin
14,hyz1rwi,t3_t4cegw,1646174784,It‚Äôs time,3,dogecoin
18,hyx2p5n,t3_t49lbr,1646147063,Monopoly Token System‚Ñ¢ ($MTS) üé≤ üöÄ https://monopolytokens.com,1,dogecoin
27,hyjetxa,t3_t21drn,1645897884,This project is going places!!,7,dogecoin
28,hyjsf5m,t3_t21drn,1645903394,"The highest potential low mc coin there is right now, no doubt. We will hit the market like a truck once alt season starts and Shibarium takes off",4,dogecoin
29,hyj64ml,t3_t21drn,1645894331,We gonna be poppin soon,4,dogecoin
30,hyj6igi,t3_t21drn,1645894484,Let's gooooo Shibonkerz!,2,dogecoin
31,hyj618x,t3_t21drn,1645894295,i saw the commercial on twitter is it a legit studio partnership your working with or did u guys pay for that ?,3,dogecoin
32,hyj64nw,t3_t21drn,1645894332,Shibonk has the highest quality production of any meme coin I have ever seen.,2,dogecoin
33,hyjdrcs,t3_t21drn,1645897451,I‚Äôve heard mean people call it shit bonk. Is it true that you guys have a special tax free dev wallet to manipulate volume (and possibly price short term),2,dogecoin
34,hyjsac2,t3_t21drn,1645903339,"Not paying, the producer believes I  the project! Come to our TG and ask,  he is in there as well.",6,dogecoin
35,hyj65wa,t3_t21drn,1645894345,Legit studio partnership.,4,dogecoin
36,hyjk909,t3_t21drn,1645900086,That's complete nonsense but if you want to ask the devs join the tg group. There's always someone from the team around to answer questions,5,dogecoin
37,hyjsla9,t3_t21drn,1645903463,"That's misinformation. There is no such wallet and we have been extremely stable at our current market cap.

For further questions feel free to join our TG.",4,dogecoin
40,hy85d5q,t3_t07hso,1645699739,How is this subreddit not banned yet?,2,dogecoin
41,hy83ko3,t3_t07hso,1645698441,SCAM,1,dogecoin
42,hy852zt,t3_t07hso,1645699534,SCAM coin,1,dogecoin
53,hxmx7wp,t3_svxy4b,1645312105,Launched or not yet ?,1,dogecoin
63,hwxs39k,t3_srm5gi,1644863552,[removed],1,dogecoin
67,hwombvc,t3_sqtsv8,1644694921,"Wow amazing coin! Totally not nonsense, it‚Äôs totally legit üíØ . Really guys üòÇ Especially since it‚Äôs made by Russians , you know those guys are totally trustworthy",3,dogecoin
68,hwnqxix,t3_sqtsv8,1644682084,"Wow, that is impressive! Now I am sure this bubble must burst soon.",1,dogecoin
69,hwnlgsm,t3_sqtsv8,1644679859,"Hidden gem with very low mcap, only 70k! Get in now, and remember that everything in correlation with Elon turns in gold! üî•üöÄ",-1,dogecoin
70,hwotsyu,t3_sqtsv8,1644697953,SPIDER-MAN ($SPIDERMAN) üï∑üöÄ https://spidermantoken.net,1,dogecoin
71,hwnq4sa,t3_sqtsv8,1644681757,$SPIDERMAN üöÄ https://spidermantoken.net,-8,dogecoin
72,hwntcpt,t3_sqtsv8,1644683080,Passing the moon and landing on Mars in 3‚Ä¶2‚Ä¶1‚Ä¶,-1,dogecoin
74,hwnskq4,t3_sqt50z,1644682764,‚Äú#Shib is pumping hard‚Äù no tf it isn‚Äôt lmfao sure bud,2,dogecoin
78,hwnrhev,t3_sqt50z,1644682311,scam,0,dogecoin
80,hwqahsj,t3_sr87a6,1644720907,No,2,dogecoin
81,hwqnclq,t3_sr87a6,1644727404,Wasn‚Äôt this a rug pull?,1,dogecoin
83,hwp5ucj,t3_sr20uv,1644702838,"35% sell fee, yikes",0,dogecoin
86,hwewvxp,t3_spfkvy,1644524387,Bullish,2,dogecoin
87,hwex2jp,t3_spfkvy,1644524453,LFG!,1,dogecoin
88,hwg2nbi,t3_spfkvy,1644542599,"Waste of time. Only sure things are BTC, ETH and BANK$.  
Bitcoin for safety. Eth for utility and u/bankersdream Bankersdream for passive income.  
DYOR --->>  
 website: https://www.bankersdream.org/",1,dogecoin
89,hwh658a,t3_spfkvy,1644562908,"All you need is retweet and spend some love on valentines Day ‚ù§Ô∏è üë∂üèª 

Baby Valentine Doge ‚ù§Ô∏è‚Äçüî•2k Mc Is Now live !üöÄSo we will be the whales before rising at Valentine‚Äôs Dayüåπ

 üî•üî• Baby Valentine Doge üî•üî•
         üåπNEXT 100Xüåπ
Contract: 0x2fa0289a01834da99d7f35198174c8e391fe1aef",1,dogecoin
90,hwjtm5e,t3_spfkvy,1644610486,"PlayToEarn Games are everywhere now and It is  Future of Gaming!!  
But we need to check which one is really a true a game so that we can earn money or NFT's from it  
  
PlayToEarn Games will change the Gaming in coming years. I can recommend one game which I think It has the great potential. And Their Team is really a very good one.   
  
Polker Game : Blockchain based Game. Free to Play & Play to Earn NFT. Although, Hasn't launched yet. Users can earn rare NFT's from this game while playing. Going to be huge in the Crypto Gaming Sector.  
  
Polker Game is one of the famous FreeToPlay and PlayToEarn Game.  
https://polker.game/  
  
Check above.",1,dogecoin
95,hw9m9sj,t3_som1ez,1644436114,Join the awesome telegram community!,2,dogecoin
97,hw4zk9l,t3_snup9m,1644356273,Lets gooo üíéüöÄ,2,dogecoin
98,hw83ei7,t3_snup9m,1644414986,MORTIS ($666) üíÄhttps://mortis666.com,1,dogecoin
102,hvyhmhd,t3_smshza,1644249486,"LFG! Presale live, launch tomorrow cant wait üéâ",2,dogecoin
103,hvye3ec,t3_smshza,1644248087,What's the incentive to hide the contract address? Sketch af,1,dogecoin
104,hvygzyy,t3_smshza,1644249240,Contract is live tmrw dude,3,dogecoin
105,hvyjy7f,t3_smshza,1644250404,Lol oops,3,dogecoin
107,hvuu5g7,t3_slzt8h,1644180058,Check out JACY for small cap (8-16 mm mkt cap) up 1000% since inception 4 months ago and has a great future ahead in the nft space,1,dogecoin
109,hvy025p,t3_slzt8h,1644241900,Have you ever heard about bankersdream.org,1,dogecoin
112,hvz7nds,t3_smx9qn,1644259693,"Hyper based dev, they just relocked Liquidity for 2 more weeks, diamond hand floor established, PERFECT time to buy in",1,dogecoin
118,hvru9ys,t3_slmoh9,1644114545,Scam. This token with the same exact whitepaper and tokenomics was created 5 months ago and was a rug. DON'T INVEST,1,dogecoin
120,hvqnnie,t3_slfvmq,1644095037,"Not only is this one of the most meme-worthy tokens I've seen in months, the developer and the community are both based AF with hardcore diamond hands, I'm just going to hold on to this Max wallet forever and see what happens",1,dogecoin
121,hvqo9ef,t3_slfvmq,1644095322,[deleted],1,dogecoin
124,hvlbuk1,t3_ski42o,1643998559,"This dev continues to be active in tg and engaging with the community. Theres a strong floor of holders who trust the dev and worked with him in the past. Hopefully 50 Shades of Floki can bring a fun, NSFW twist to the altdoge table. Cum join us",1,dogecoin
125,hvm55pf,t3_ski42o,1644009585,Mmmm love this one üòç,1,dogecoin
126,hvlcxa3,t3_ski42o,1643998959,100% this,1,dogecoin
129,hvpc2zf,t3_sl899g,1644072952,lfg!!!,1,dogecoin
133,hvkesyy,t3_ske81m,1643986187,Monopoly Token System‚Ñ¢ ($MTS) üé≤üöÄhttps://monopolytokens.com,1,dogecoin
136,hvi33q5,t3_sk0d2z,1643938096,I fucking LOVE this token! 50 SHADES OF FLOKI TO THE GOD DAMN MOON!,3,dogecoin
137,hvi4it6,t3_sk0d2z,1643938728,Kinky,2,dogecoin
138,hvixggc,t3_sk0d2z,1643952361,This is what organic growth looks like.,1,dogecoin
140,hvb0bmo,t3_siuq05,1643824978,You could say that all my finances are rather... TIED UP in 50 Shades of FLOKI,5,dogecoin
141,hvb15ng,t3_siuq05,1643825287,MetaPuffles‚Ñ¢ ($METAPUFFLES) üöÄhttps://metapuffles.com,2,dogecoin
142,hvbjejk,t3_siuq05,1643832121,"Man bring somethign like this on the Nifty Island, the closed alpha is starting up soon",1,dogecoin
143,hvbvg4g,t3_siuq05,1643836573,Scam. Not even a website,1,dogecoin
144,hvd079j,t3_siuq05,1643852707,I fuckin hate this sub anymore,1,dogecoin
146,hvb5fxz,t3_siuq05,1643826882,kek,3,dogecoin
154,hvrvnik,t3_sitpok,1644115181,"PlayToEarn Games are Future in Gaming!!  
I have shortlisted some of the best PlayToEarn Crypto Games ( OnGoing and Upcoming ). Have a look and give your opinion on it.  
  
Check Below PlayToEarn Crypto Games!!  
  
Polker Game : Blockchain based Game. Free to Play & Play to Earn NFT. Although, Hasn't launched yet. Users can earn rare NFT's from this game while playing. Going to be huge in the Crypto Gaming Sector.  
  
Crypto Royale : Free-to-play. Play-to-earn Game, 73% APY by holding ROY  
  
Coinhunt World: Earn cryptocurrency playing Coin Hunt!  
  
Thetan Empire: Have seen good reviews on the Multiple reddit groups.  
  
The Legends of Elumia: This is also Play to Earn Game  
  
Give your more opinions on the best crypto Play to Earn games. It will help more Crypto gamers to select the best games.  
  
Here Best Games means Users must get some rewards in form of NFT's or tokens. Please suggest more upcoming NFT Games which are based on Blockchain.",1,dogecoin
159,hv4mxsf,t3_shulgq,1643721291,Presale today! Details in TG!,1,dogecoin
161,huvfsgv,t3_sgd8dv,1643562408,Exciting 100% !!!,1,dogecoin
164,huhhiy8,t3_se2vcm,1643314552,Scam,4,dogecoin
165,hwieuiq,t3_se2vcm,1644591628,Still feel this way?,3,dogecoin
166,hwkexj9,t3_se2vcm,1644618534,Lmao,1,dogecoin
167,hwkkgk7,t3_se2vcm,1644620724,Bruh,1,dogecoin
168,hwjc6bd,t3_se2vcm,1644604099,This post really didn‚Äôt age well lmao,1,dogecoin
170,hufqzbs,t3_sdy7rv,1643290969,Pamp,1,dogecoin
171,hufomi1,t3_sdy7rv,1643289837,Lfg! I Like the fact project is very safe! Aped in!,1,dogecoin
172,huijg93,t3_sdy7rv,1643329236,which was the last peoject from the devs?,1,dogecoin
173,hufvsjm,t3_sdy7rv,1643293154,Do people buy these shitcoins with insane slippage? Slippage on algorand tokens (asa) is less than 0.5%,-1,dogecoin
175,hul9mq7,t3_sesa9o,1643382671,üê£MiniMetaPets‚Ñ¢ ($MMP) üöÄ https://minimetapets.com,1,dogecoin
182,hucgvxg,t3_sbm6mu,1643230429,"Meme coins is an event that, without a doubt, changed the world in every aspect and ought to be taken seriously! I went out and looked at the market after reading this article, and one firm in particular caught my eye: Strong In. In this business, I feel it has a bright future. To tell you the truth, what I read astounded me.",3,dogecoin
183,hurdpjw,t3_sbm6mu,1643486935,"If you do your investigation, meme coins might be a good investment, in my view. I'm delighted you mentioned Strong Inu; it's a project I've been following for quite some time now, and I can't say I'm disappointed! Of course, you should never be frightened to try anything new! But, yes, I feel they have a bright future ahead of them! You should always invest prudently, and I believe meme coins are the genuine deal when it comes to such investments!",4,dogecoin
184,huciimp,t3_sbm6mu,1643231009,I totally agree! I am glad that there are more smart people in this world.,3,dogecoin
185,hurwdum,t3_sbm6mu,1643494786,Well said! Amazing stuff are ahead us!,1,dogecoin
188,htlgeug,t3_s98gwa,1642771976,"So, forgive my noobness. What is the usage of babytether again?",1,dogecoin
189,htlgytv,t3_s98gwa,1642772249,"Offering CMC + CG listing, payment only once listed  
Message me for more info",1,dogecoin
191,htrsbac,t3_sa8dgl,1642875415,LFG!!!,1,dogecoin
192,hts80a5,t3_sa8dgl,1642881607,Token of Year‚Ñ¢ ($TOY) üß∏ https://tokenofyear.com,1,dogecoin
195,htl5iml,t3_s94e11,1642765688,"Just in case anyone is retarded enough to buy in, Elon's tweet is referring to his son, named ‚ÄòX √Ü A-12‚Äô, baby X is how he refers to his son, not some low effort shitcoin obviously...",3,dogecoin
197,hu6x9xh,t3_s94e11,1643138774,SCAM ALERT!!,1,dogecoin
198,htly05m,t3_s94e11,1642779398,You guys really made a terrible coin based off of Elon‚Äôs tweet,0,dogecoin
199,htl1pgm,t3_s94e11,1642762925,How,-4,dogecoin
200,htlvtgx,t3_s94e11,1642778564,Baby X is his actual child‚Äôs name .. he‚Äôs referring to his child not this crypto üòÖ,1,dogecoin
202,htm3n7e,t3_s9e81l,1642781546,Giveaway in Telegram! üí∞,2,dogecoin
208,htkg5vc,t3_s91foh,1642746758,If your the smartest in the room you better find a new room,1,dogecoin
211,htdew0o,t3_s80zyt,1642627697,Meta Spouse ($METASPOUSE) üöÄhttps://metaspouse.net,1,dogecoin
